"000 014";>10;10,34;19-598;5905694015970;AMTRA
"000 015";7;8,73;19-599;5905694015987;AMTRA
"000 017";1;4,76;23-169;7612720201662;AMTRA
"000 050";3;9,55;"3 397 004 668";3397004668F4P;BOSCH
"000 057";1;31,81;"3 397 018 300";33970183004UD;BOSCH
"000 069";9;3,02;05284;4027816052845;"FEBI BILSTEIN"
"000 151";1;6,26;C70320;5907626819793;"ROMIX PACZKI"
"000 166";>10;16,45;70-31414-10;4026634207673;"VICTOR REINZ"
"000 322";1;36,26;"3 397 118 304";33971183044UE;BOSCH
"000 331";1;29,96;"3 397 118 540";02031651410875673700;BOSCH
"000 337";1;33,37;"3 397 118 405";33971184058FG;BOSCH
"000 338";1;42,11;"3 397 118 420";3165141087772;BOSCH
"000 339";1;32,80;"3 397 118 422";3165141087758;BOSCH
"000 385";5;0,95;00704;8812000001008;OSSCA
"000 386";7;1,38;00689;8812200001006;OSSCA
"000 428";1;1,87;00251;4027816090595;OSSCA
"000 447";7;9,50;"3 397 004 669";3397004669F4P;BOSCH
"000 451";1;46,84;"3 397 118 401";33971184014UC;BOSCH
"000 452";1;40,21;"3 397 118 406";3165141086775;BOSCH
"000 777";1;34,50;"ls 11";4011558500504;MANN-FILTER
"000 889";1;4,95;07532;4027816075325;"FEBI BILSTEIN"
"000 892";1;64,09;104067;3374650247083;MOTUL
"000 900";2;26,47;02615;6104105;"FEBI BILSTEIN"
"000 901";2;27,70;08971;4027816089711;"FEBI BILSTEIN"
"000 922";1;14,87;"3 397 004 763";3165141087550;BOSCH
"000 943";1;10,60;"3 397 004 755";33970047554C4;BOSCH
"000 950";4;13,49;"3 397 004 672";3397004672F4P;BOSCH
"001 045";1;40,60;"3 397 118 404";02031651410877273700;BOSCH
"001 426";2;101,37;a350;4014427012757;"BERU AG"
"001 470";10;1,01;"205 808";3459570001004;TOPRAN
"001 538";1;23,15;576001;3276425760011;VALEO
"001 553";1;17,31;574116;3276425741164;VALEO
"001 561";1;85,47;9504473;1036080000011;KLOKKERHOLM
"001 635";10;0,71;"205 796";7192420001002;TOPRAN
"001 636";10;0,74;"205 797";7192450001003;TOPRAN
"002 057";1;16,50;"3 397 004 756";33970047564C4;BOSCH
"002 133";1;7,01;26165;26165;"ORIGINAL IMPERIUM"
"002 134";1;70,73;"3 397 001 539";33970015394UD;BOSCH
"002 218";>10;33,70;06161;4027816061618;"FEBI BILSTEIN"
"002 219";>10;28,87;06162;6107380;"FEBI BILSTEIN"
"002 574";1;12,99;"3 397 004 757";3165141087505;BOSCH
"002 584";1;33,91;"3 397 118 402";02031651410877033700;BOSCH
"002 588";1;43,45;"3 397 118 403";3165141087710;BOSCH
"002 589";1;50,27;"3 397 001 584";33970015844UD;BOSCH
"002 593";1;55,21;"3 397 001 582";3165141094985;BOSCH
"002 594";1;50,78;"3 397 118 303";3165143197165;BOSCH
"002 595";1;52,35;"3 397 118 306";02031651410878403700;BOSCH
"002 600";1;33,14;"3 397 018 170";33970181708V2;BOSCH
"002 608";1;28,78;"3 397 018 963";4047023049926;BOSCH
"002 730";1;25,04;"002 730";5903175102676;HART
"002 868";9;26,10;08972;4027816089728;"FEBI BILSTEIN"
"002 871";1;26,14;"002 871";5903175102706;HART
"002 894";1;18,63;"3 397 004 758";3165141087512;BOSCH
"002 906";1;16,49;"002 906";5903175102720;HART
"002 971";1;13,93;"3 391 014 629";4047023104809;BOSCH
"003 003";10;1,66;"108 803";"701 867 299";TOPRAN
"003 021";1;17,98;"003 021";5903175102768;HART
"003 023";1;18,98;"003 023";5903175102782;HART
"003 092";1;7,42;15504;244015.504;"ROMIX PACZKI"
"003 099";1;9,60;15505;5907504096285;"ROMIX PACZKI"
"003 104";1;6,99;20561;5907504097855;"ROMIX PACZKI"
"003 108";2;16,60;QFS094B10;5902264255033;ORLEN
"003 109";6;76,39;QFS094B50;5902264255019;ORLEN
"003 110";10;18,42;QFS096B10;5902264267098;ORLEN
"003 117";1;16,46;"OR GL-4 1";5902264270005;ORLEN
"003 118";1;64,21;"OR GL-4 80/90 5";5902264270012;ORLEN
"003 120";1;46,09;QFS106B10;5902264267616;ORLEN
"003 122";>10;17,23;"OR MF 1";5902264252148;ORLEN
"003 125";1;14,49;QFS272B10;5901001766696;ORLEN
"003 126";3;72,44;"OR LUBRO 5";5901001766702;ORLEN
"003 132";1;76,39;"OR SEL 5";5901001118532;ORLEN
"003 133";>10;15,01;"OR STP 0,8";5901001759209;ORLEN
"003 136";2;27,47;QFG169S80;5902849231797;ORLEN
"003 153";1;6,69;19282;244019.282;"ROMIX PACZKI"
"003 161";1;9,02;16151;244016.151;"ROMIX PACZKI"
"003 168";3;5,89;16031;244016.031;"ROMIX PACZKI"
"003 227";1;19,53;QFS336B10;5902849206566;ORLEN
"003 263";1;23,38;575825;3276425758254;VALEO
"003 264";2;18,44;"OR GL-5 1";5902264270203;ORLEN
"003 265";1;79,02;QFS102B50;5902264270210;ORLEN
"003 349";1;8,35;26741;26741;"ORIGINAL IMPERIUM"
"003 354";1;20,18;574247;3276425742475;VALEO
"003 357";1;2,55;05219;4027816052197;"FEBI BILSTEIN"
"003 393";1;23,38;575826;3276425758261;VALEO
"003 403";1;23,75;575827;3276425758278;VALEO
"003 404";1;57,39;"3 397 118 925";33971189254UC;BOSCH
"003 406";1;62,18;"3 397 118 950";02031651433771613700;BOSCH
"003 441";2;3,20;YT-2399;5906083923999;"NARZEDZIA WARSZTAT"
"003 506";1;25,39;575831;3276425758315;VALEO
"003 525";1;30,27;575832;3276425758322;VALEO
"003 527";1;29,80;575833;3276425758339;VALEO
"003 528";1;30,24;575834;3276425758346;VALEO
"003 555";>10;16,94;150864;5055107453063;MOBIL
"003 556";>10;61,84;150865;5055107453070;MOBIL
"003 557";4;18,42;150866;5055107453148;MOBIL
"003 558";7;86,22;150867;5055107462393;MOBIL
"003 565";>10;22,47;142836;5055107457627;MOBIL
"003 566";2;82,35;142837;5055107457634;MOBIL
"003 568";2;21,03;142805;5055107457214;MOBIL
"003 585";1;36,45;142819;5055107456927;MOBIL
"003 641";1;999,36;150572;5055107418536;MOBIL
"003 650";6;74,02;148370;5055107457122;MOBIL
"003 741";1;2914,01;150015;2400GC72411500151115;MOBIL
"003 862";1;88,89;70065;231870065;COFRAMA
"003 892";1;58,56;"3 397 001 909";02031651433872073700;BOSCH
"003 900";1;6,38;36273;36273;"ORIGINAL IMPERIUM"
"003 903";7;85,61;QFS096B50;5902264267036;ORLEN
"003 930";1;5,59;36108;36108;"ORIGINAL IMPERIUM"
"003 966";1;75,11;574306;3276425743069;VALEO
"004 045";1;27,87;574300;3276425743007;VALEO
"004 064";1;77,38;574303;3276425743038;VALEO
"004 067";1;67,03;574310;3276425743106;VALEO
"004 149";2;8,49;"3 397 004 667";3397004667F4P;BOSCH
"004 151";2;9,74;"3 397 004 670";02031651439388123700;BOSCH
"004 380";>10;13,11;"OR MIXOL S 1";5902849216107;ORLEN
"004 381";1;60,58;QFS283B50;5902849216114;ORLEN
"004 390";2;28,77;2699;4100420033209;"LIQUI MOLY"
"004 396";1;39,86;1971;4100420019715;"LIQUI MOLY"
"004 399";>10;24,78;2640;4100420026409;"LIQUI MOLY"
"004 437";1;18,71;3391;4100420033919;"LIQUI MOLY"
"004 443";1;5,48;3078;4100420030789;"LIQUI MOLY"
"004 446";1;19,88;3418;4100420034183;"LIQUI MOLY"
"004 453";1;53,63;4087;4100420040870;"LIQUI MOLY"
"004 475";1;18,29;3350;4100420033506;"LIQUI MOLY"
"004 484";1;34,91;3315;4100420033155;"LIQUI MOLY"
"004 507";1;29,09;1594;4100420015946;"LIQUI MOLY"
"004 519";4;21,02;142878;5055107456842;MOBIL
"004 520";1;41,67;142851;5055107456828;MOBIL
"004 549";6;20,37;21700;4100420031106;"LIQUI MOLY"
"004 571";6;136,55;2187;4100420033636;"LIQUI MOLY"
"004 575";2;14,74;3803;4100420038037;"LIQUI MOLY"
"004 588";1;69,90;"3 397 118 933";33971189334UE;BOSCH
"004 689";2;61,95;"3 397 118 938";02031651435361863700;BOSCH
"004 697";3;19,23;"3 397 011 352";4047024479548;BOSCH
"004 743";>10;2,32;LP958/H;2397LP958/H;SMARY
"004 796";6;11,53;01-100;05032227482012;AMTRA
"004 797";7;14,02;01-200;05032227483026;AMTRA
"004 798";7;22,26;01-400;05032227482043;AMTRA
"004 799";1;138,59;01-L05;5032227485006;AMTRA
"004 921";8;2,52;SS1;2397SS1;SMARY
"005 008";>10;52,87;70-31414-20;4026634293997;"VICTOR REINZ"
"005 058";1;29,52;3720;4100420037207;"LIQUI MOLY"
"005 059";3;37;5111;4100420051111;"LIQUI MOLY"
"005 060";2;19,86;1641;4100420016417;"LIQUI MOLY"
"005 088";1;37,69;2626;4100420026263;"LIQUI MOLY"
"005 133";1;59,13;"3 397 118 901";02031651436139313700;BOSCH
"005 134";1;61,23;"3 397 118 902";02031651436139483700;BOSCH
"005 136";1;64,02;"3 397 118 904";02031651436139623700;BOSCH
"005 137";1;63,48;"3 397 118 905";33971189054UC;BOSCH
"005 138";1;62,16;"3 397 118 906";3165143613986;BOSCH
"005 139";1;68,71;"3 397 118 907";02031651436139933700;BOSCH
"005 140";1;72,19;"3 397 118 908";33971189084UC;BOSCH
"005 141";1;64,79;"3 397 118 909";3165143614013;BOSCH
"005 142";1;72,03;"3 397 118 910";3165143614020;BOSCH
"005 143";1;70,38;"3 397 118 911";02031651436140373700;BOSCH
"005 144";2;78,48;"3 397 118 912";02031651436140443700;BOSCH
"005 155";>10;11,09;81000400;4019722257872;TEXTAR
"005 242";1;9,80;10050;5907626800081;"ROMIX PACZKI"
"005 243";1;7,98;10430;5907626800531;"ROMIX PACZKI"
"005 246";1;7,53;10551;3133005246;"ROMIX PACZKI"
"005 247";1;11,05;10556;5907626800715;"ROMIX PACZKI"
"005 252";1;17,13;10915;5907626800814;"ROMIX PACZKI"
"005 256";1;9,58;11383;5907626801378;"ROMIX PACZKI"
"005 258";1;13,18;11468;5907504095943;"ROMIX PACZKI"
"005 260";3;10,39;A13011;5907626806175;"ROMIX PACZKI"
"005 261";1;7,66;A14720;5907626806373;"ROMIX PACZKI"
"005 268";1;4,44;12407;5907626801712;"ROMIX PACZKI"
"005 269";1;6,34;12623;5907626801910;"ROMIX PACZKI"
"005 272";1;6,14;20509;5907626803198;"ROMIX PACZKI"
"005 277";1;6,15;14202;5907626802061;"ROMIX PACZKI"
"005 278";3;2,94;15502;5907504095950;"ROMIX PACZKI"
"005 279";2;5,06;15507;5907626802375;"ROMIX PACZKI"
"005 281";3;9,91;16308;5907626802757;"ROMIX PACZKI"
"005 296";1;9,34;16307;5907626802740;"ROMIX PACZKI"
"005 297";1;39,57;21647;4027816216476;"FEBI BILSTEIN"
"005 425";1;56,86;"3 397 001 543";3165143196922;BOSCH
"005 461";1;12,67;10-005;20050291271065;AMTRA
"005 561";1;22,12;574330;3276425743304;VALEO
"005 562";2;18,95;574331;3276425743311;VALEO
"005 567";1;66,69;574346;3276425743465;VALEO
"005 650";2;142,25;2184;4100420021848;"LIQUI MOLY"
"005 660";>10;24,79;146477;5055107426227;MOBIL
"005 686";1;77,79;574321;3276425743212;VALEO
"005 687";1;64,32;574363;3276425743632;VALEO
"005 688";1;65,93;574365;3276425743656;VALEO
"005 691";1;71,22;574324;3276425743243;VALEO
"005 695";1;93,11;574329;3276425743298;VALEO
"005 696";1;96;574355;3276425743557;VALEO
"005 701";1;80,02;574361;3276425743618;VALEO
"005 822";>10;31,69;154288;5055107425046;MOBIL
"005 823";>10;119,59;154291;5055107425992;MOBIL
"005 849";1;220,05;632200;3276426320009;VALEO
"005 886";1;74,28;"3 397 118 926";02031651433770863700;BOSCH
"005 906";1;13,09;10-006;20050291242065;AMTRA
"005 950";1;4,78;9049;4027816112532;"MEAT & DORIA"
"005 988";1;78,49;574680;3276425746800;VALEO
"006 000";>10;6,27;"006 000";5907504039688;HART
"006 001";5;6,51;"006 001";5907504039695;HART
"006 002";3;6,80;"006 002";5907504039701;HART
"006 003";>10;7,23;"006 003";5907504039718;HART
"006 004";>10;7,26;"006 004";5907504039725;HART
"006 005";1;12,69;"006 005";5907504039732;HART
"006 016";1;7,57;30299;8033989105703;"ORIGINAL IMPERIUM"
"006 031";2;57,11;"3 397 118 936";33971189364UC;BOSCH
"006 492";>10;23,87;01-450;05032227482371;AMTRA
"006 666";1;77,16;"3 397 118 934";3165143926109;BOSCH
"006 740";1;63,93;v10-3441;4046001657153;VAICO
"007 137";2;116,99;"LDPE POKROWIEC";5907504051260;CHEMOPAK
"007 145";8;30,40;14738;4027816147381;"FEBI BILSTEIN"
"007 189";1;86,61;"3 397 118 958";02031651436564023700;BOSCH
"007 213";1;65,04;"3 397 001 802";33970018024UD;BOSCH
"007 214";1;78,50;"3 397 118 966";02031651438133313700;BOSCH
"007 221";2;9,04;19-031;5905694006985;AMTRA
"007 225";1;80,79;23-021;5905694004202;AMTRA
"007 226";2;17,75;30-039;5020144835592;AMTRA
"007 228";5;30,28;30-017;5903945000089;AMTRA
"007 240";>10;4,54;YT-7473;5906083974731;"NARZEDZIA WARSZTAT"
"007 243";1;37,64;5108;4100420051081;"LIQUI MOLY"
"007 312";1;21,61;3970;4100420039706;"LIQUI MOLY"
"007 327";1;113,40;148368;5055107427019;MOBIL
"007 357";1;91,32;"3 397 118 946";3165143350409;BOSCH
"007 508";3;5,07;"007 508";2687-007508-50;HART
"007 509";4;5,07;"007 509";2687-007509-50;HART
"007 510";>10;5,07;"007 510";2687-007510-50;HART
"007 511";2;4,97;"007 511";2687-007511-50;HART
"007 513";>10;7,42;"007 513";2687-007513-50;HART
"007 515";1;13,53;"007 515";2687-007515-50;HART
"007 517";4;9,48;"007 517";2687-007517-50;HART
"007 519";1;14,65;"007 519";2687-007519-50;HART
"007 522";3;11,28;"007 522";5907504081854;HART
"007 524";>10;11,22;"007 524";2687-007524-50;HART
"007 525";1;12,62;"007 525";5907504065267;HART
"007 526";2;12,88;"007 526";2687-007526-50;HART
"007 527";5;12,95;"007 527";5907504065281;HART
"007 528";4;13,41;"007 528";2687-007528-50;HART
"007 529";2;13,18;"007 529";2687-007529-50;HART
"007 530";2;13,93;"007 530";2687-007530-50;HART
"007 531";1;13,76;"007 531";5907504065328;HART
"007 537";1;55,44;ATC-2119;4710728660139;PARGET
"007 662";>10;4,90;19-068;5905694006176;AMTRA
"007 692";3;43,33;104091;3374650247304;MOTUL
"007 693";1;32,24;104080;3374650247199;MOTUL
"007 694";1;27,21;104054;3374650246963;MOTUL
"007 695";1;27,69;107318;3374650263762;MOTUL
"007 696";3;22,40;104028;3374650246710;MOTUL
"007 697";1;22,98;105880;3374650016429;MOTUL
"007 699";3;12,45;105859;3374650016597;MOTUL
"007 700";2;28,96;103008;3374650005218;MOTUL
"007 701";10;26,95;105914;3374650241357;MOTUL
"007 702";3;20,33;100950;3374650005041;MOTUL
"007 703";6;17,29;102718;3374650237312;MOTUL
"007 705";7;16,55;QFS255B10;5901001767440;ORLEN
"007 713";1;207,21;104121;3374650247595;MOTUL
"007 716";1;220,26;104129;3374650247670;MOTUL
"007 722";1;34,31;105920;3374650006475;MOTUL
"007 723";1;39,74;102983;3374650239002;MOTUL
"007 724";2;33,74;100948;3374650005027;MOTUL
"007 725";6;149;104092;3374650247311;MOTUL
"007 727";>10;105,62;104068;3374650247090;MOTUL
"007 731";3;98,71;104056;3374650246987;MOTUL
"007 732";1;98,28;107319;3374650263779;MOTUL
"007 740";>10;30,27;105782;3374650011349;MOTUL
"007 743";4;25,84;105895;3374650005126;MOTUL
"007 745";2;37,17;102981;3374650238982;MOTUL
"007 747";2;36,75;102982;3374650238999;MOTUL
"007 748";1;24,20;102980;3374650238975;MOTUL
"007 751";1;20,55;105503;3374650253381;MOTUL
"007 752";8;31,10;2216186;3425901090993;TOTAL
"007 759";4;36,96;105930;3374650008424;MOTUL
"007 761";1;33,23;105931;3374650008417;MOTUL
"007 762";1;34,85;105928;3374650008400;MOTUL
"007 765";4;83,99;105888;3374650005584;MOTUL
"007 771";9;35,87;105784;3374650240695;MOTUL
"007 772";1;16,28;102927;3374650238678;MOTUL
"007 776";2;24,13;102986;3374650239033;MOTUL
"007 779";1;52,63;104103;3374650247410;MOTUL
"007 780";1;198,46;104104;3374650247427;MOTUL
"007 782";1;16,17;102996;3374650239132;MOTUL
"007 783";1;24,03;103000;3374650239170;MOTUL
"007 786";>10;143,84;2216187;3425901091020;TOTAL
"007 840";5;58,03;QFS150B50;5901001213435;ORLEN
"007 843";1;139,58;2214291;3425901098210;TOTAL
"007 895";1;61,34;"3 397 118 977";33971189774UC;BOSCH
"008 033";1;56,31;"3 397 001 801";3165143197226;BOSCH
"008 134";2;29,84;2216184;3425901031187;TOTAL
"008 136";1;227,28;SMART7;5903991101785;"BADEK III"
"008 158";4;7,52;100166;4054224001660;"FEBI BILSTEIN"
"008 166";1;15,73;20-A49;5905694016373;AMTRA
"008 170";2;9,31;19-601;5905694016229;AMTRA
"008 173";1;39,36;C.5730;;"CONDORTOOLS II"
"008 176";1;19,82;YT-08514;5906083085147;"NARZEDZIA WARSZTAT"
"008 199";1;165,06;D.52343;8435034523430;"CONDORTOOLS II"
"008 211";1;7,45;19-071;5905694006251;AMTRA
"008 231";2;7,41;19-072;5905694006268;AMTRA
"008 236";9;6,59;19-108;5905694008934;AMTRA
"008 241";2;6,28;19-069;5905694006183;AMTRA
"008 246";1;29,93;21703;4100420040665;"LIQUI MOLY"
"008 469";2;62,01;"37890 01";4047437438484;LEMFÖRDER
"008 470";1;45,02;"38910 01";4047437476202;LEMFÖRDER
"008 670";3;10,32;K407FR0;K407FR0|2018101267898;K2
"008 682";2;188,49;YT-82844;5906083025334;"NARZEDZIA WARSZTAT"
"008 692";1;10,32;K407LA0;;K2
"008 693";1;10,33;K407KA0;K407KA0|2022090611973BM;K2
"008 694";>10;10,32;K407CY0;5906534006509;K2
"009 027";1;99,15;15049B;4008177072178;CASTROL
"009 246";1;12,28;19-012;5905694001096;AMTRA
"009 250";4;8,15;19-021;5905694001201;AMTRA
"009 252";>10;6,60;19-027;5905694001263;AMTRA
"009 256";2;7,98;19-048;5905694001683;AMTRA
"009 264";>10;4,86;19-056;5905694001829;AMTRA
"009 272";>10;6,30;19-054;5905694001843;AMTRA
"009 273";2;8,32;19-023;5905694001225;AMTRA
"009 274";1;12,73;19-024;5905694001232;AMTRA
"009 284";7;37,52;1533F1;4008177076749;CASTROL
"009 285";9;137,13;1533EB;4008177076770;CASTROL
"009 286";4;36,15;1534AA;4008177076695;CASTROL
"009 287";2;132,34;1534A7;4008177076718;CASTROL
"009 290";>10;28,86;1535B5;9001606018124;CASTROL
"009 291";>10;105,32;1535BA;9001606018131;CASTROL
"009 293";>10;26,51;151B37;4008177123337;CASTROL
"009 294";>10;97,06;151B38;4008177155598;CASTROL
"009 298";>10;25,01;151B52;9001606001546;CASTROL
"009 299";>10;91,73;151B53;4008177123122;CASTROL
"009 301";8;24,94;151B60;4008177122484;CASTROL
"009 302";>10;91,72;151B64;4008177122491;CASTROL
"009 312";5;34,10;14E94F;4008177054242;CASTROL
"009 313";2;119,20;15048E;4008177054228;CASTROL
"009 315";1;103,77;15043F;4008177055720;CASTROL
"009 317";4;37,02;15434F;4008177053207;CASTROL
"009 320";1;27,68;156B83;5010321003395;CASTROL
"009 323";1;24,06;154CAB;8421467025153;CASTROL
"009 628";1;86,46;"3 397 118 951";3165143584316;BOSCH
"009 656";3;22,49;60-022;8410410352224;AMTRA
"009 661";2;13,78;62-001;5905694006435;AMTRA
"009 718";>10;11,46;19-009;5905694001089;AMTRA
"009 719";1;11,51;19-010;5905694001102;AMTRA
"009 721";>10;12,03;19-022;5905694001218;AMTRA
"009 722";4;6,39;19-029;5905694001270;AMTRA
"009 725";2;14,99;19-035;5905694001645;AMTRA
"009 728";9;7,28;19-047;5905694001706;AMTRA
"009 729";5;6,47;19-051;5905694001805;AMTRA
"009 734";8;4,47;19-521;5905694005322;AMTRA
"009 736";>10;14,34;19-535;5905694005308;AMTRA
"009 746";2;14,53;30-035;5020144834519;AMTRA
"009 747";1;18;30-036;5020144835530;AMTRA
"009 749";1;26,81;30-041;5020144800521;AMTRA
"009 754";5;20,49;30-011;5020144823643;AMTRA
"009 759";1;18,80;30-025;5020144835202;AMTRA
"009 760";1;18,80;30-026;5020144835219;AMTRA
"009 761";1;15,95;30-037;5020144835547;AMTRA
"009 762";1;13,06;30-040;5020144834571;AMTRA
"010 144";1;40,75;2055-47;30552055-47;CARAT
"010 815";1;69,98;334-41C;3055334-41C;CARAT
"011 126";1;75,07;829-43THF;3055829-43THF;CARAT
"011 508";1;31,37;4050-13K;30554050-13K;CARAT
"011 718";1;55,24;585-16K;3055585-16K;CARAT
"011 795";1;6,82;91319-110-000;272191319-110-000;"ADLY MOTO"
"012 266";1;0,10;CATALOG;3033KATALOG;ERT
"012 300";1;12,97;YT-4503;5906083945038;"NARZEDZIA WARSZTAT"
"012 316";1;9,11;10-019;5905694008774;AMTRA
"012 381";3;75,45;YT-0400;2798YT0400;"NARZEDZIA WARSZTAT"
"012 398";1;275,92;YT-12681;5901219414884;"NARZEDZIA WARSZTAT"
"012 411";1;16,46;YT-2147;5906083921476;"NARZEDZIA WARSZTAT"
"012 436";1;22,53;"OR LT-4 S3 0,8";5901001759056;ORLEN
"012 440";1;632,48;154302;2400AA22411462301116;MOBIL
"012 472";1;44,19;YT-0331;5906083903311;"NARZEDZIA WARSZTAT"
"012 476";1;3,79;YT-1203;5906083912030;"NARZEDZIA WARSZTAT"
"012 479";1;3,78;YT-1206;5906083912061;"NARZEDZIA WARSZTAT"
"012 481";1;5,23;YT-1208;5906083912085;"NARZEDZIA WARSZTAT"
"012 482";1;3,92;YT-1209;5906083912092;"NARZEDZIA WARSZTAT"
"012 484";1;4,10;YT-1211;5906083912115;"NARZEDZIA WARSZTAT"
"012 485";1;4,10;YT-1212;5906083912122;"NARZEDZIA WARSZTAT"
"012 487";1;6,40;YT-1214;5906083912146;"NARZEDZIA WARSZTAT"
"012 488";1;5,49;YT-1215;5906083912153;"NARZEDZIA WARSZTAT"
"012 490";1;6,25;YT-1217;5906083912177;"NARZEDZIA WARSZTAT"
"012 643";1;41,47;YT-1242;5906083912429;"NARZEDZIA WARSZTAT"
"012 644";1;24,52;YT-2070;5906083920707;"NARZEDZIA WARSZTAT"
"012 712";1;10,05;YT-0994;5906083909948;"NARZEDZIA WARSZTAT"
"012 713";5;14,84;YT-11671;5906083116711;"NARZEDZIA WARSZTAT"
"012 775";1;170,93;VP010/R/XXL;2940VP010/R/XXL;VCAN
"012 804";3;10,23;19-019;5905694001188;AMTRA
"012 805";1;4,52;23-002;7612720201914;AMTRA
"012 806";1;4,82;23-005;7612720202942;AMTRA
"012 807";1;5,11;23-006;7612720201860;AMTRA
"012 808";1;4,67;23-008;7612720201846;AMTRA
"012 809";8;4,47;23-010;7612720201136;AMTRA
"012 810";2;4,84;23-013;7612720201112;AMTRA
"012 811";>10;4,57;23-015;7612720201068;AMTRA
"012 812";1;14,31;30-016;5903945000409;AMTRA
"012 840";1;33,50;YT-0800;5906083908002;"NARZEDZIA WARSZTAT"
"012 897";1;23,87;QFG021S80;5901001777654;ORLEN
"012 920";1;556,90;M98430;4003315708735;"NARZEDZIA RECZNE"
"012 930";1;38,32;YT-0413;5906083904134;"NARZEDZIA WARSZTAT"
"012 932";1;27,45;YT-1318;5906083913181;"NARZEDZIA WARSZTAT"
"012 949";1;5,59;269.150-U-50;5905133233552;"1A FIRST AUTOMOTIVE"
"012 950";1;10;507.870-U-50;5905133233576;"1A FIRST AUTOMOTIVE"
"012 951";1;7,62;411.310-U-50;5905133233590;"1A FIRST AUTOMOTIVE"
"012 954";2;10,51;094.810-U-50;5905133233606;"1A FIRST AUTOMOTIVE"
"012 955";2;8,62;722.520-U-50;5905133233620;"1A FIRST AUTOMOTIVE"
"012 956";2;11,80;944.330-U-50;5905133233637;"1A FIRST AUTOMOTIVE"
"012 957";3;13,87;014.810-U-50;5905133233644;"1A FIRST AUTOMOTIVE"
"012 959";1;17,97;347.980-U-50;5905133233668;"1A FIRST AUTOMOTIVE"
"012 960";3;19,80;259.150-U-50;5905133225458;"1A FIRST AUTOMOTIVE"
"012 961";1;10,65;491.310-U-25;5905133225472;"1A FIRST AUTOMOTIVE"
"012 963";1;14,09;905.330-U-25;5905133233682;"1A FIRST AUTOMOTIVE"
"012 964";1;15,27;836.760-U-25;5905133233699;"1A FIRST AUTOMOTIVE"
"012 965";1;14,52;846.760-U-25;5905133233705;"1A FIRST AUTOMOTIVE"
"012 966";1;27,51;095.810-U-25;5905133233712;"1A FIRST AUTOMOTIVE"
"012 984";2;8,11;464.310-U-50;5905133225168;"1A FIRST AUTOMOTIVE"
"012 986";1;5,54;067.810-U-25;5905133225229;"1A FIRST AUTOMOTIVE"
"012 987";2;17,45;397.980-U-50;5905133225410;"1A FIRST AUTOMOTIVE"
"012 989";1;17,21;589.970-U-25;5905133225526;"1A FIRST AUTOMOTIVE"
"012 991";1;14,09;521.870-U-25;5905133225687;"1A FIRST AUTOMOTIVE"
"012 992";1;27,13;253.550-U-50;5905133225717;"1A FIRST AUTOMOTIVE"
"012 993";2;12,05;968.330-U-25;5905133225731;"1A FIRST AUTOMOTIVE"
"012 994";1;5,61;602.990-U-25;5905133225946;"1A FIRST AUTOMOTIVE"
"013 118";3;25,49;QFG022S80;5901001777685;ORLEN
"013 123";2;18,53;94-009;5901219428515;AMTRA
"013 175";1;59;YT-1056;5906083910562;"NARZEDZIA WARSZTAT"
"013 183";3;27,07;22806;4027816228066;"FEBI BILSTEIN"
"013 207";1;589,98;YT-0953;5906083909535;"NARZEDZIA WARSZTAT"
"013 224";1;13,95;YT-2141;5906083921414;"NARZEDZIA WARSZTAT"
"013 226";2;12,88;YT-2143;5906083921438;"NARZEDZIA WARSZTAT"
"013 227";1;57,52;YT-0612;2798YT0612;"NARZEDZIA WARSZTAT"
"013 274";1;31,21;YT-0831;5906083908316;"NARZEDZIA WARSZTAT"
"013 408";>10;20,24;HAR-005;5907643006718;HART
"013 579";2;16,99;JY-1216+R;3186JY1216R;HYUTEX
"013 585";1;12,49;JY-6548+R;3186JY6548R;HYUTEX
"013 589";1;14,42;JY-1756+R;3186JY1756R;HYUTEX
"013 638";1;11,38;YT-1292;5906083912924;"NARZEDZIA WARSZTAT"
"013 688";>10;5,88;HAR-017;5907643011248;HART
"013 754";1;12,26;YT-1252;5906083912528;"NARZEDZIA WARSZTAT"
"013 755";5;1,57;YT-1409;27981409YT;"NARZEDZIA WARSZTAT"
"013 756";3;3,02;YT-1421;5901219412965;"NARZEDZIA WARSZTAT"
"013 757";2;2,28;YT-1429;5906083914294;"NARZEDZIA WARSZTAT"
"013 761";1;18,77;YT-2036;5906083920363;"NARZEDZIA WARSZTAT"
"013 763";1;2,08;YT-3805;2798YT-3805;"NARZEDZIA WARSZTAT"
"013 771";1;72,47;YT-0530;5906083905308;"NARZEDZIA WARSZTAT"
"013 773";1;15,55;M1524;4003315062226;"NARZEDZIA RECZNE"
"013 774";1;8,87;YT-2601;5906083926013;"NARZEDZIA WARSZTAT"
"013 790";1;17,94;574282;3276425742826;VALEO
"013 791";1;32,88;574335;3276425743359;VALEO
"013 793";1;64,99;574384;3276425743847;VALEO
"013 794";1;60,80;574385;3276425743854;VALEO
"013 801";1;73,25;574388;3276425743885;VALEO
"013 803";1;77,73;574375;3276425743755;VALEO
"013 805";1;63,86;574392;3276425743922;VALEO
"013 812";1;67,06;574641;3276425746411;VALEO
"013 814";1;62,42;574645;3276425746459;VALEO
"013 817";1;71,93;574651;3276425746510;VALEO
"013 870";1;3,91;YT-1272;5906083912726;"NARZEDZIA WARSZTAT"
"013 876";1;4,08;YT-1281;5906083912818;"NARZEDZIA WARSZTAT"
"013 878";1;4,96;YT-1283;5906083912832;"NARZEDZIA WARSZTAT"
"013 881";1;6,03;YT-1286;5906083912863;"NARZEDZIA WARSZTAT"
"013 935";1;14,67;"18 412 0651";1841206510010;RMS
"013 983";1;4,47;YT-3851;2798YT3851;"NARZEDZIA WARSZTAT"
"014 090";2;31,12;26712;4027816267126;"FEBI BILSTEIN"
"014 172";1;3,54;YT-1276;5906083912764;"NARZEDZIA WARSZTAT"
"014 196";1;16,41;YT-0511;5906083905117;"NARZEDZIA WARSZTAT"
"014 212";1;71,67;"3 397 118 948";33971189484UC;BOSCH
"014 224";2;46,58;YT-0307;5906083903076;"NARZEDZIA WARSZTAT"
"014 270";1;14,07;YT-0830;25906083908303;"NARZEDZIA WARSZTAT"
"014 393";1;75,11;YT-7201;5906083972010;"NARZEDZIA WARSZTAT"
"014 431";1;50,17;574290;3276425742901;VALEO
"014 485";1;16,74;YT-2146;5901219414747;"NARZEDZIA WARSZTAT"
"014 498";1;32,89;YT-1064;5906083910647;"NARZEDZIA WARSZTAT"
"014 503";5;12,84;19-067;5905694006237;AMTRA
"014 524";1;6,29;YT-1254;2798YT1254;"NARZEDZIA WARSZTAT"
"014 526";1;10,07;YT-0414;5906083904141;"NARZEDZIA WARSZTAT"
"014 527";2;20,31;YT-0520;2798YT-0520;"NARZEDZIA WARSZTAT"
"014 551";1;9,72;YT-1234;5906083912344;"NARZEDZIA WARSZTAT"
"014 568";2;47,95;YT-0708;2798YT-0708;"NARZEDZIA WARSZTAT"
"014 584";1;6,61;YT-1227;5902198828044;"NARZEDZIA WARSZTAT"
"014 586";1;6,91;YT-1230;5906083912306;"NARZEDZIA WARSZTAT"
"014 611";1;30,96;MR10;2111MR10;GUDEPOL
"014 636";1;28,08;YT-2090;5906083920905;"NARZEDZIA WARSZTAT"
"014 651";1;14,94;YT-0505;5906083905056;"NARZEDZIA WARSZTAT"
"014 725";1;34;YT-0461;5906083904615;"NARZEDZIA WARSZTAT"
"014 748";1;266,38;YT-0761;5906083907616;"NARZEDZIA WARSZTAT"
"014 757";1;56,38;YT-1348;5906083913488;"NARZEDZIA WARSZTAT"
"014 779";1;58,25;007950013770;8001063374123;"MAGNETI MARELLI"
"014 863";1;15,66;60-023;5905694006749;AMTRA
"014 867";3;10,65;60-007;5905694006589;AMTRA
"014 868";3;22,99;60-021;8410410352422;AMTRA
"014 869";1;17,52;60-016;30686226818332;AMTRA
"014 870";1;16,12;60-025;5905694006664;AMTRA
"014 891";>10;24,10;151452;5055107432723;MOBIL
"014 960";2;42,15;101666;3374650235011;MOTUL
"014 966";1;52,50;40-080;5904447001475;AMTRA
"014 992";1;8,60;60-008;8410410122322;AMTRA
"015 111";1;6,43;YT-0339;5906083903397;"NARZEDZIA WARSZTAT"
"015 112";1;6,90;YT-0342;5906083903427;"NARZEDZIA WARSZTAT"
"015 114";1;1,39;YT-1407;5906083914072;"NARZEDZIA WARSZTAT"
"015 126";1;6,61;YT-1226;5906083912269;"NARZEDZIA WARSZTAT"
"015 127";1;7,93;YT-1232;5901219412002;"NARZEDZIA WARSZTAT"
"015 259";2;18,79;"3 397 004 559";3165143604755;BOSCH
"015 260";1;17,41;"3 397 004 629";33970046298FG;BOSCH
"015 446";2;1,55;16702493;16702493-H;"OETIKER ALUCYNK"
"015 454";2;1,86;16700011;293716700011;"OETIKER ALUCYNK"
"015 455";2;2,91;16700013;293716700013;"OETIKER ALUCYNK"
"015 457";8;1,55;16702497;293716702497;"OETIKER ALUCYNK"
"015 459";3;1,65;16702498;293716702498;"OETIKER ALUCYNK"
"015 460";2;1,65;16700024;293716700024;"OETIKER ALUCYNK"
"015 461";3;3,58;15400030;T15400030;"OETIKER ALUCYNK"
"015 462";2;4,25;15400032;293715400032;"OETIKER ALUCYNK"
"015 463";9;3,58;15400034;293715400034;"OETIKER ALUCYNK"
"015 464";1;3,58;15400037;293715400037;"OETIKER ALUCYNK"
"015 465";1;3,65;15400040;T15400040;"OETIKER ALUCYNK"
"015 466";1;3,76;15400041;293715400041;"OETIKER ALUCYNK"
"015 467";2;3,83;15400043;293715400043;"OETIKER ALUCYNK"
"015 468";3;3,76;15400045;293715400045;"OETIKER ALUCYNK"
"015 522";1;17,02;YT-0821;5906083908217;"NARZEDZIA WARSZTAT"
"015 607";1;8,91;YT-1247;"2798 015607";"NARZEDZIA WARSZTAT"
"015 647";1;3,23;YT-3854;5906083938542;"NARZEDZIA WARSZTAT"
"015 655";1;5,68;YT-0337;5906083903373;"NARZEDZIA WARSZTAT"
"015 668";1;6,80;YT-1229;5906083912290;"NARZEDZIA WARSZTAT"
"015 669";1;8,18;YT-1231;5906083912313;"NARZEDZIA WARSZTAT"
"015 673";1;21,45;YT-4507;2798YT-4507;"NARZEDZIA WARSZTAT"
"015 708";1;8,55;YT-0345;5906083903458;"NARZEDZIA WARSZTAT"
"015 709";1;10,18;YT-0347;5906083903472;"NARZEDZIA WARSZTAT"
"015 721";2;1,93;M10;5907643040873;HART
"015 722";1;1,93;M16;5907643040880;HART
"015 807";1;14,59;YT-0820;5906083908200;"NARZEDZIA WARSZTAT"
"015 808";1;16,22;YT-0822;5907643094982;"NARZEDZIA WARSZTAT"
"015 809";1;26,06;YT-0837;5906083908378;"NARZEDZIA WARSZTAT"
"015 853";3;13,52;YT-1037;5901219414709;"NARZEDZIA WARSZTAT"
"015 854";1;14,26;YT-1039;2798YT-1039;"NARZEDZIA WARSZTAT"
"015 866";5;31,32;27975;4027816279754;"FEBI BILSTEIN"
"015 906";1;48,58;M1543;4003315002987;"NARZEDZIA RECZNE"
"015 911";1;90,39;57350;5906083573507;"NARZEDZIA WARSZTAT"
"015 912";1;22,95;M658-400;4003315035565;"NARZEDZIA RECZNE"
"015 913";1;33,24;M658-500;4003315035572;"NARZEDZIA RECZNE"
"015 914";1;31,39;M658-600;4003315035589;"NARZEDZIA RECZNE"
"015 917";1;100,10;M007-T-GS2;4003315060024;"NARZEDZIA RECZNE"
"015 936";1;3,79;YT-1431;5906083914317;"NARZEDZIA WARSZTAT"
"015 938";2;53,89;"3 397 007 225";02040470241673153700;BOSCH
"016 045";1;1,73;YT-1411;5901219413023;"NARZEDZIA WARSZTAT"
"016 046";1;2,26;YT-1418;3224YT1418;"NARZEDZIA WARSZTAT"
"016 075";1;62,74;"3 397 118 974";3165144014812;BOSCH
"016 076";2;77,97;"3 397 118 320";33971183204UD;BOSCH
"016 109";1;78,01;YT-7200;3224YT7200;"NARZEDZIA WARSZTAT"
"016 143";1;167,15;YT-4590;5906083945908;"NARZEDZIA WARSZTAT"
"016 173";1;62,95;"3 397 007 116";4047024160163;BOSCH
"016 336";1;19,13;"V210 VISOR CLEAR";" 5901219400214";VCAN
"016 337";2;21,12;"V210 VISOR SMOKE";5901219401686;VCAN
"016 338";2;19,13;"V210 VISOR RAINBOW";5901219401693;VCAN
"016 355";>10;3,97;25-013;5905694001911;AMTRA
"016 356";>10;8,81;25-011;5905694001935;AMTRA
"016 357";4;8,93;70-066;5010322757020;AMTRA
"016 369";1;53,12;YT-0614;2798YT-0614;"NARZEDZIA WARSZTAT"
"016 380";1;2,68;YT-0406;5906083904066;"NARZEDZIA WARSZTAT"
"016 381";3;4,80;YT-0407;5906083904073;"NARZEDZIA WARSZTAT"
"016 382";1;22,28;YT-0835;5906083908354;"NARZEDZIA WARSZTAT"
"016 437";>10;5,09;"WODA DEMI. 5L";5907643046721;HART
"016 444";1;11,09;40-001;5905694002000;AMTRA
"016 452";1;9,29;HAR-015;5907643046745;HART
"016 453";2;38,09;HAR-020;5907643046752;HART
"016 519";1;27,76;JY-7302-53-SI;3186JY-7302-53-SI;HYUTEX
"016 560";2;68,35;"3 397 007 187";33970071874UC;BOSCH
"016 608";1;20,37;"3 397 004 558";33970045584C4;BOSCH
"016 609";1;44,62;21648;4027816216483;"FEBI BILSTEIN"
"016 631";1;14,47;60-090;8410410128133;AMTRA
"016 633";1;14,59;60-029;3AZ3301A02;AMTRA
"016 673";1;73,82;"3 397 118 955";02031651436098283700;BOSCH
"016 674";2;55,81;"3 397 118 979";02031651440530573700;BOSCH
"016 675";1;20,47;"3 397 008 045";4047024141520;BOSCH
"016 680";>10;2,10;"REKAWICE WAMPIRKI";3506REKAWICEWAMPIRKI;"GVARANT BHP 2"
"016 752";>10;15,64;QFS333B10;5901001116019;ORLEN
"016 776";8;55,49;62-002;8410410354051;AMTRA
"016 781";1;27,69;"110 689";4223680000016;TOPRAN
"016 783";>10;15,14;"WAMPIRKI 10 SZT";5901219460942;"GVARANT BHP 2"
"016 824";2;19,77;"3 397 008 009";02040470241514823700;BOSCH
"016 828";1;8,27;DRAGON;5907522919672;"GVARANT BHP 2"
"016 834";1;5;YT-1253;2798YT-1253;"NARZEDZIA WARSZTAT"
"016 864";1;32,54;"3 397 010 271";4047024308091;BOSCH
"016 894";6;9,35;HAR-045;5905722080734;HART
"016 914";1;15,01;15199D;4008177324505;CASTROL
"016 961";2;17,64;"3 397 004 632";02031651436092623700;BOSCH
"017 199";1;59,07;777.520;5905133217538;"1A FIRST AUTOMOTIVE"
"017 200";1;57,97;656.590;5905133215107;"1A FIRST AUTOMOTIVE"
"017 218";2;15,40;4679;843052504679;VICMA
"017 229";1;11,02;70162;8430525701625;VICMA
"017 247";1;14,68;70481;843052504910;VICMA
"017 436";1;67,46;EI-MG-4004/R/L;5907643056393;"M.LINE ODZIEŻ MOTO"
"017 442";1;136,15;EI-MG-4005/L;5907643056478;"M.LINE ODZIEŻ MOTO"
"017 443";1;136,15;EI-MG-4005XL;5907643056485;"M.LINE ODZIEŻ MOTO"
"017 459";6;38,79;"3 397 008 539";33970085398CT;BOSCH
"017 473";1;81,63;"3 397 118 976";3165144052500;BOSCH
"017 561";1;8,10;"11700 OP";5907643056843;"M.LINE GOGLE"
"017 564";2;8,32;"LENS ORANGE T7061";5907643056867;"M.LINE GOGLE"
"017 565";1;8,32;"LENS SMOKE T7061";5907643056874;"M.LINE GOGLE"
"017 697";1;8,32;"ORANGE T7058/T7070";5907643059837;"M.LINE GOGLE"
"017 698";2;8,32;"SMOKE T7058/T7070";5907643059844;"M.LINE GOGLE"
"017 727";1;43,83;YT-0635;5907643092674;"NARZEDZIA WARSZTAT"
"017 751";1;18,07;5-3105-248-4010;5904898502965;KEGEL-BŁAŻUSIAK
"017 893";2;19,02;580.870.100;5905133214452;FA1
"017 894";1;10,24;580.870-U-50;5905133225205;"1A FIRST AUTOMOTIVE"
"017 912";1;3,02;YT-1430;5906083914300;"NARZEDZIA WARSZTAT"
"017 913";1;4,57;YT-1432;5906083914324;"NARZEDZIA WARSZTAT"
"017 950";7;35,17;20-A33;5905694004837;AMTRA
"018 091";1;119,62;110824;3374650239958;MOTUL
"018 130";1;11,65;60-057;3BZ3314A15;AMTRA
"018 182";9;10,40;19-075;5905694006923;AMTRA
"018 204";1;39,96;B.2101;4026947021010;"CONDORTOOLS II"
"018 706";3;68,67;574462;3276425744622;VALEO
"018 766";1;32,28;60-030;5905694006695;AMTRA
"018 973";1;8,56;19-025;60-028;AMTRA
"019 051";2;17,09;"3 397 004 631";33970046314C4;BOSCH
"019 225";1;70,21;"3 397 007 392";33970073924UE;BOSCH
"019 282";3;136,96;29738;4027816297383;"FEBI BILSTEIN"
"019 284";>10;30,65;29934;4027816299349;"FEBI BILSTEIN"
"019 347";2;4,25;19-057;5905694001867;AMTRA
"019 367";1;53,18;60-075;5905694006558;AMTRA
"019 377";1;74,97;YT-2180;5906083921803;"NARZEDZIA WARSZTAT"
"019 384";1;79,64;148369;5055107427026;MOBIL
"019 429";1;81,23;"3 397 007 099";4047023055279;BOSCH
"019 448";1;12,87;30777;4027816307778;"FEBI BILSTEIN"
"019 491";2;73,68;"3 397 007 414";4047024434424;BOSCH
"019 645";1;16,88;574197;3276425742888;VALEO
"019 646";1;20,71;574289;3276425742895;VALEO
"019 648";1;27,21;574337;3276425743373;VALEO
"019 657";1;75,53;574668;3276425746688;VALEO
"019 756";1;14,42;"CLEAR LENS T7061 DL";5907643080350;"M.LINE GOGLE"
"019 757";2;14,42;"CLEAR LENS T7070 DL";5907643080374;"M.LINE GOGLE"
"019 763";1;14,53;70052;369470052;"M.LINE DZWIGNIE"
"019 769";1;12,56;70331;369470331;"M.LINE DZWIGNIE"
"019 784";1;6,67;70711;369470711;"M.LINE DZWIGNIE"
"019 794";1;40,26;70912;369470912;"M.LINE DZWIGNIE"
"019 803";1;22,71;71201;369471201;"M.LINE DZWIGNIE"
"019 813";1;16,07;71591;369471591;"M.LINE DZWIGNIE"
"019 824";1;17,23;71941;369471941;"M.LINE DZWIGNIE"
"019 836";1;50,05;73691;369473691;"M.LINE DZWIGNIE"
"019 849";2;56,01;73901;369473901;"M.LINE DZWIGNIE"
"019 850";1;50,05;73911;369473911;"M.LINE DZWIGNIE"
"019 857";1;18,63;74262;369474262;"M.LINE DZWIGNIE"
"019 891";2;9,01;19-082;5905694006992;AMTRA
"019 916";3;64,53;"3 397 007 426";33970074264UE;BOSCH
"019 954";1;19,90;301.980-U-50;5905133225762;"1A FIRST AUTOMOTIVE"
"019 972";1;38,96;"12 167 0080";5907643082606;"M.LINE SKUTER"
"019 973";1;22,21;"12 167 0090";5907643082613;"M.LINE SKUTER"
"019 983";2;6,47;19-076;5905694006930;AMTRA
"019 988";2;18,60;"18 412 0111";5907643083030;"M.LINE SKUTER"
"019 992";1;22,32;"12 179 0040";5907643083047;"M.LINE SKUTER"
"019 994";1;17,02;"18 410 0121";5907643083061;"M.LINE SKUTER"
"020 003";1;7,83;"18 412 0231";5907643083153;"M.LINE SKUTER"
"020 008";1;9,72;"18 412 0621";5907643083207;"M.LINE SKUTER"
"020 034";1;61,18;"110 694";9556040000018;TOPRAN
"020 053";1;24,57;6243;5907643084044;"M.LINE DZWIGNIE"
"020 055";1;14,95;6225;5907643083887;"M.LINE DZWIGNIE"
"020 061";1;27,10;5-3115-244-4010;5904898503887;KEGEL-BŁAŻUSIAK
"020 097";2;4,87;"109 519";8816720000013;TOPRAN
"020 101";1;14,75;5-3301-246-4010;5904898531958;KEGEL-BŁAŻUSIAK
"020 135";1;86,40;"3 397 007 093";00593397007093;BOSCH
"020 161";1;134,89;30018;4027816300182;"FEBI BILSTEIN"
"020 184";1;301,91;S0000015;"2809 020184";TESAM
"020 221";2;40,06;YT-0290;5906083902901;"NARZEDZIA WARSZTAT"
"020 224";1;278,99;YT-1720;3224YT1720;"NARZEDZIA WARSZTAT"
"020 248";2;16,53;5-3311-246-4010;5902596581015;KEGEL-BŁAŻUSIAK
"020 260";1;16,23;25-014;5905694001997;AMTRA
"020 281";1;7,91;19-084;5905694007012;AMTRA
"020 283";1;9,82;19-552;5905694007043;AMTRA
"020 285";3;8,08;19-002;5905694007227;AMTRA
"020 348";1;5,11;PTR-CZARNA;3737020348;HART
"020 349";>10;8,06;981-170;5905133256674;FA1
"020 382";>10;2,75;KSIAZECZKA;5907643087243;HART
"020 473";1;34,11;YT-0608;5906083906084;"NARZEDZIA WARSZTAT"
"020 474";1;19,13;YT-0661;5906083906619;"NARZEDZIA WARSZTAT"
"020 475";1;12,57;YT-0191;5906083901911;"NARZEDZIA WARSZTAT"
"020 476";1;15,45;YT-0194;5906083901942;"NARZEDZIA WARSZTAT"
"020 482";1;3,17;"KSIAZECZKA SER.MOTO";5907643088219;HART
"020 498";6;30,87;29449;101587080;"FEBI BILSTEIN"
"020 601";1;18,58;M087-T;4003315066125;"NARZEDZIA RECZNE"
"020 881";1;18,61;142825;5055107456989;MOBIL
"020 893";9;31,04;1535F8;4008177077289;CASTROL
"020 894";>10;117,56;1535F3;4008177077319;CASTROL
"020 910";5;50,86;"3 397 118 309";33971183094UC;BOSCH
"020 934";3;32,45;155249;5055107445792;MOBIL
"020 942";2;2,19;YT-1419;5906083914195;"NARZEDZIA WARSZTAT"
"021 007";1;53,20;1304-42;5901219404823;"M.LINE ZEBATKI"
"021 011";1;36,08;1307-42;5907643091851;"M.LINE ZEBATKI"
"021 012";1;24,78;1309-14;5907643091868;"M.LINE ZEBATKI"
"021 019";1;30,95;1478-40;5907643091936;"M.LINE ZEBATKI"
"021 033";1;49,49;343-43;5907643092070;"M.LINE ZEBATKI"
"021 049";1;55,13;499-40;5907643092230;"M.LINE ZEBATKI"
"021 061";1;14,11;565-13;5907643092353;"M.LINE ZEBATKI"
"021 093";7;41,92;39070;4044688561244;"FEBI BILSTEIN"
"021 096";>10;172,48;39071;4027816390718;"FEBI BILSTEIN"
"021 143";1;79,60;007950024010;8001063540238;"MAGNETI MARELLI"
"021 161";1;31,53;YT-2451;5906083924514;"NARZEDZIA WARSZTAT"
"021 192";1;14,84;B26998;5907628616215;"ROMIX PACZKI"
"021 205";1;84,01;YT-14471;5906083144714;"NARZEDZIA WARSZTAT"
"021 209";1;17,67;"3 397 008 054";00593397008054;BOSCH
"021 227";1;112,34;100273;3374650007427;MOTUL
"021 233";2;25,31;0206.4;5902557211524;"MAR SP.J."
"021 284";1;23,12;C.374A;4037374003715;"CONDORTOOLS II"
"021 307";3;354,26;121650;5055107466841;MOBIL
"021 335";1;49,95;YT-0717;5906083907173;"NARZEDZIA WARSZTAT"
"021 355";1;5,78;C.18022-6;364534952;"CONDORTOOLS II"
"021 412";1;8,26;YT-1249;"3224 021412";"NARZEDZIA WARSZTAT"
"021 413";1;19,23;YT-1943;5906083919435;"NARZEDZIA WARSZTAT"
"021 414";1;32,27;YT-2130;5906083921308;"NARZEDZIA WARSZTAT"
"021 450";1;299,74;YT-38791;2798YT-3879;"NARZEDZIA WARSZTAT"
"021 479";1;58,96;YT-0606;5906083906060;"NARZEDZIA WARSZTAT"
"021 493";1;86,16;007950024070;8001063540177;"MAGNETI MARELLI"
"021 504";1;38,52;YT-2374;5906083923746;"NARZEDZIA WARSZTAT"
"021 566";1;32,03;P10;5907628616147;"ROMIX PACZKI"
"021 657";2;66,37;YT-0299;5906083902994;"NARZEDZIA WARSZTAT"
"021 663";>10;23,80;151775;5055107439647;MOBIL
"021 664";>10;91,91;151776;5055107439654;MOBIL
"021 670";3;48,42;CZ72499;2415130030;"NARZEDZIA WARSZTAT"
"021 679";1;153,34;007950024130;8001063540139;"MAGNETI MARELLI"
"021 755";1;1336,08;150942;2400AA22411509421114;MOBIL
"021 787";1;347,94;"V170B/XS/GREY CH-R";" 5901219400443";VCAN
"021 788";1;347,94;"V170B/S/GREY CH-R";" 5901219400450";VCAN
"021 887";1;71,08;"VRC-01 (S)";" 5901219401440";VCAN
"021 888";2;51,33;"VRC-01 (M)";" 5901219401457";VCAN
"021 889";1;71,08;"VRC-01 (L)";" 5901219401464";VCAN
"021 893";2;18,24;"V210 VISIOR MIRROR";" 5901219401501";VCAN
"021 896";1;14,12;"V170 VISIOR CLEAR";" 5901219401518";VCAN
"021 899";1;18,24;"V170 VISIOR RAINBOW";" 5901219401549";VCAN
"021 986";1;19,40;YT-7221;5906083972218;"NARZEDZIA WARSZTAT"
"021 996";1;47,33;247603;3276422476038;VALEO
"022 039";2;19,70;QFS413B10;5901001772840;ORLEN
"022 040";3;73,28;QFS413B60;5901001772857;ORLEN
"022 041";1;16,04;QFS412B10;5901001772819;ORLEN
"022 042";>10;64,58;QFS412B60;5901001772826;ORLEN
"022 044";7;60,56;QFS411B60;5901001772796;ORLEN
"022 109";1;573,33;T01402;T014024200;"KB GLOBAL"
"022 112";1;2,47;31799;4027816317999;"FEBI BILSTEIN"
"022 168";>10;5,62;"12 185 8040";1218580400010;RMS
"022 318";1;12,20;5-3120-244-4010;5904898504341;KEGEL-BŁAŻUSIAK
"022 319";1;6,19;5-3312-246-4010;5904898504358;KEGEL-BŁAŻUSIAK
"022 325";1;8,22;"DRAGON L";"3569DRAGON L";"GVARANT BHP 2"
"022 361";1;19,02;574299;3276425742994;VALEO
"022 390";3;3,56;"NASADKA 1""";"3456NASADKA 1""";"KLUCZE PNEUMATYCZNE"
"022 391";3;3,56;"NASADKA 15/16""";"3456NASADKA 15/16";"KLUCZE PNEUMATYCZNE"
"022 392";3;3,56;"NASADKA 7/8""";"3456NASADKA 7/8";"KLUCZE PNEUMATYCZNE"
"022 393";3;3,56;"NASADKA 3/4""";"3456NASADKA 3/4";"KLUCZE PNEUMATYCZNE"
"022 394";3;3,56;"NASADKA 11/16""";"3456NASADKA 11/16";"KLUCZE PNEUMATYCZNE"
"022 395";3;3,56;"NASADKA 5/8""";"3456NASADKA 5/8";"KLUCZE PNEUMATYCZNE"
"022 396";1;3,56;"NASADKA 1/2""";"3456NASADKA 1/2";"KLUCZE PNEUMATYCZNE"
"022 402";1;37,56;THD-206C;3866THD-206C;"M.LINE TANK PADY"
"022 459";1;38,26;YT-0643;5906083906435;"NARZEDZIA WARSZTAT"
"022 471";1;437,91;YT-38841;5906083938849;"NARZEDZIA WARSZTAT"
"022 562";1;2,14;113006;5901219406100;"M.LINE SKUTER"
"022 580";1;42,90;ŁOP/B;5902327131366;KUFIETA
"022 593";1;148,06;YT-0534;5906083905346;"NARZEDZIA WARSZTAT"
"022 653";>10;5,68;HAR-012;5901219404922;HART
"022 654";>10;21,04;HAR-004;5901219404939;HART
"022 656";>10;38,14;HAR-016;5901219404960;HART
"022 663";1;28,05;YT-1942;3224YT1942;"NARZEDZIA WARSZTAT"
"022 664";1;22,08;YT-1944;3224YT1944;"NARZEDZIA WARSZTAT"
"022 665";1;25,90;YT-1948;3224YT1948;"NARZEDZIA WARSZTAT"
"022 666";1;2,20;YT-3808;3224YT3808;"NARZEDZIA WARSZTAT"
"022 687";1;47,91;247613;3276422476137;VALEO
"022 724";1;10;RBZ;5901219405462;LINDE
"022 747";>10;9,28;HAR-046;5905722106021;HART
"022 750";>10;9,75;HAR-047;5905722106045;HART
"022 783";>10;33,02;21829;4027816218296;"FEBI BILSTEIN"
"022 807";1;3,76;YT-1255;"2798 022807";"NARZEDZIA WARSZTAT"
"022 808";1;14,11;YT-0590;3224YT0590;"NARZEDZIA WARSZTAT"
"022 812";1;3,72;90792;389410212200;HART
"022 862";1;12,92;29139;8033989096520;"ORIGINAL IMPERIUM"
"022 911";1;26,93;5-3401-989-4010;5904898500060;KEGEL-BŁAŻUSIAK
"022 912";1;30,94;5-6002-390-0211;5904898503580;KEGEL-BŁAŻUSIAK
"022 926";2;64;"207 229";7589480000012;TOPRAN
"022 987";1;42,81;YT-0662;5906083906626;"NARZEDZIA WARSZTAT"
"022 988";1;20,83;YT-1940;5906083919404;"NARZEDZIA WARSZTAT"
"022 991";1;15,81;YT-2046;5906083920462;"NARZEDZIA WARSZTAT"
"022 995";1;9,78;YT-4755;5906083947551;"NARZEDZIA WARSZTAT"
"023 004";2;55,55;44556;5902467445569;SAND
"023 030";10;3,69;"NITRYLOWE ROZM.10";5904512091684;"GVARANT BHP 2"
"023 037";1;25,62;TRK004;3866TRK004;"M.LINE TANK PADY"
"023 043";1;26,53;SSK161S;3866SSK161S;"M.LINE TANK PADY"
"023 074";1;79;"3 397 007 215";4047024276451;BOSCH
"023 095";3;6,93;Y12;5901219411616;"ZWM CZAJA"
"023 096";1;7,25;Y14;5901219411623;"ZWM CZAJA"
"023 097";1;7,25;Y16;5901219411630;"ZWM CZAJA"
"023 104";4;3,61;Z19/19;5901219411685;"ZWM CZAJA"
"023 105";2;3,28;Z19/16;5901219411678;"ZWM CZAJA"
"023 107";>10;3,69;Z16/16;5901219411654;"ZWM CZAJA"
"023 108";1;3,16;Z16/12;5901219411647;"ZWM CZAJA"
"023 112";1;8,60;R16/16;5901219411708;"ZWM CZAJA"
"023 181";1;4,53;23-007;7612720201211;AMTRA
"023 223";1;26,35;"18 416 0290";1841602900001;RMS
"023 239";1;22,88;"12 167 0050";1216700500001;RMS
"023 250";3;8,78;S0000247;2809S0000247;TESAM
"023 251";1;7,72;S0000248;5901219435711;TESAM
"023 255";1;1,33;YT-1404;5906083914041;"NARZEDZIA WARSZTAT"
"023 307";4;5,40;HAR-052;5901219412118;HART
"023 308";6;7,47;PY100-L1MC;5901219412125;HART
"023 309";2;16,86;"3 397 004 772";33970047724UE;BOSCH
"023 310";1;55,83;"3 397 118 931";02031651435782783700;BOSCH
"023 311";1;1,33;YT-1406;3224YT1406;"NARZEDZIA WARSZTAT"
"023 316";1;7,01;YT-3850;3224YT3850;"NARZEDZIA WARSZTAT"
"023 337";1;4,72;YT-2407;5906083924071;"NARZEDZIA WARSZTAT"
"023 354";1;24,82;S9999995;S9999995;TESAM
"023 364";1;7,28;YT-0136;5901219414006;"NARZEDZIA WARSZTAT"
"023 373";2;18,53;11.029;8435034941913;HART
"023 374";1;16,12;11.030;5901219412835;HART
"023 376";1;16,93;11.031;5901219412842;HART
"023 379";1;49,43;21.1003P;8001063580159;HART
"023 384";1;27,36;20.4002;5901219412880;HART
"023 386";1;106,46;11.036F;8001063544038;HART
"023 433";2;18,85;"3 397 004 560";3165143604748;BOSCH
"023 434";1;6,02;T16/12;5901219413146;"ZWM CZAJA"
"023 436";1;7,11;T19/12;5901219413160;"ZWM CZAJA"
"023 475";2;804,58;HAR-014;5901219413528;HART
"023 482";1;42,76;ORGXLCZAPG001;5902198814313;"PATROL GROUP"
"023 502";1;37,82;"3 397 011 239";02040470243222023700;BOSCH
"023 503";2;15,90;"3 397 004 990";33970049904C4;BOSCH
"023 556";1;15,53;YT-0843;5901219414686;"NARZEDZIA WARSZTAT"
"023 563";1;21,30;"PLATCL SYNT GAS 1";5901001773434;ORLEN
"023 567";1;14,46;QFS407B10;5901001773113;ORLEN
"023 568";6;60,56;QFS407B60;5901001773120;ORLEN
"023 570";1;81,03;"PLATCL SYNT D 4,5";5901001773090;ORLEN
"023 571";2;16,24;QFS405B10;5901001773052;ORLEN
"023 572";7;68,14;QFS405B60;5901001773069;ORLEN
"023 574";1;14,05;QFS404B10;5901001773021;ORLEN
"023 575";1;61,77;QFS404B60;5901001773038;ORLEN
"023 595";3;4,73;19-049;5905694001737;AMTRA
"023 596";>10;9,20;20-A32;5905694007173;AMTRA
"023 597";>10;8,55;20-A38;5905694008026;AMTRA
"023 598";>10;9,96;19-092;5905694008033;AMTRA
"023 601";1;30,59;75-003;5905694008125;AMTRA
"023 602";1;51,89;75-004;5905694008132;AMTRA
"023 605";1;167,63;75-007;716281500282;AMTRA
"023 650";1;16,49;YT-1990;5906083919909;"NARZEDZIA WARSZTAT"
"023 665";2;19,59;576050;3276425760509;VALEO
"023 667";2;14,16;576051;3276425760516;VALEO
"023 669";1;18,29;576053;3276425760530;VALEO
"023 685";1;464,90;T06301;3077SBC90;"KB GLOBAL"
"023 693";3;12,93;QFS838B10;5901001767334;ORLEN
"023 731";8;3,34;"NITRYLOWE ROZM.7";"3569NITRYLOWE ROZM.7";"GVARANT BHP 2"
"023 732";2;3,89;"NITRYLOWE ROZM.9";"3569NITRYLOWE ROZM.9";"GVARANT BHP 2"
"023 760";2;14,03;635.590-U-25;5905133267168;"1A FIRST AUTOMOTIVE"
"023 761";1;18,75;635.590-U-50;5905133235815;"1A FIRST AUTOMOTIVE"
"023 768";1;43,67;YT-0677;5906083906770;"NARZEDZIA WARSZTAT"
"023 786";1;16,56;"206 030";1784011;TOPRAN
"023 831";3;56,80;QFS838B50;5901001767341;ORLEN
"023 832";2;22,86;HAR-056;5901219416604;HART
"023 921";1;30,93;YT-4623;5906083946233;"NARZEDZIA WARSZTAT"
"023 926";7;5,54;981-060;5905133265386;FA1
"023 967";1;277,66;B.8825;4026947088259;"CONDORTOOLS II"
"024 065";1;17,24;YT-1243;"3224 024065";"NARZEDZIA WARSZTAT"
"024 066";1;15,16;YT-1248;"3224 024066";"NARZEDZIA WARSZTAT"
"024 171";1;109,73;182.221;5905133266444;"1A FIRST AUTOMOTIVE"
"024 186";>10;23,10;151523;8055107438435;MOBIL
"024 187";>10;89,91;151528;5055107438480;MOBIL
"024 242";1;72,79;"3 397 007 072";4047023126788;BOSCH
"024 243";2;65,52;"3 397 007 466";02040470244585813700;BOSCH
"024 244";1;159,65;"3 397 001 814";02031651433431113700;BOSCH
"024 251";1;26,76;YT-0730;25906083907306;"NARZEDZIA WARSZTAT"
"024 255";1;283,99;80618;3277490805010;WALKER
"024 256";1;132,54;80614;3277490806000;WALKER
"024 257";2;152,16;80617;3277490806017;WALKER
"024 275";>10;49,54;HAR-058;5901219420236;HART
"024 308";1;18,37;26707;4027816267072;"FEBI BILSTEIN"
"024 324";1;56,44;247601;3276422476014;VALEO
"024 362";1;38,87;26708;4027816267089;"FEBI BILSTEIN"
"024 428";1;32,52;"024 428";5901219421103;HART
"024 429";1;36,02;"024 429";5901219421110;HART
"024 430";1;30,77;"024 430";5901219421127;HART
"024 431";1;33,39;"024 431";5901219421134;HART
"024 432";1;35,31;"024 432";5901219421141;HART
"024 434";2;34,27;"024 434";5901219421165;HART
"024 435";2;36,89;"024 435";5901219421172;HART
"024 436";1;35,12;"024 436";5901219421189;HART
"024 437";2;34,68;"024 437";5901219421196;HART
"024 438";2;44,76;"024 438";5901219421202;HART
"024 439";2;36,24;"024 439";5901219421219;HART
"024 440";1;44,41;"024 440";5901219421226;HART
"024 442";2;37,77;"024 442";5901219421240;HART
"024 443";1;35,12;"024 443";5901219421257;HART
"024 445";1;37,73;"024 445";5901219421271;HART
"024 447";2;40,64;"024 447";5901219421288;HART
"024 449";1;37,15;"024 449";5901219421301;HART
"024 450";1;40,64;"024 450";5901219421318;HART
"024 451";1;44,99;"024 451";5901219421325;HART
"024 452";1;44,99;"024 452";5901219421332;HART
"024 453";1;38;"024 453";5901219421349;HART
"024 454";1;40,38;"024 454";5901219421356;HART
"024 455";1;40,38;"024 455";5901219421363;HART
"024 457";1;37,77;"024 457";5901219421387;HART
"024 458";1;52,63;"024 458";5901219421394;HART
"024 459";1;49,13;"024 459";5901219421400;HART
"024 460";1;54,37;"024 460";5901219421417;HART
"024 461";1;40,64;"024 461";5901219421424;HART
"024 497";1;49,58;M155;4003315063070;"NARZEDZIA RECZNE"
"024 534";1;43,88;"024 534";5901219421646;HART
"024 551";1;328,28;AD-1210I;5902557217205;"MAR SP.J."
"024 559";6;22,46;30-034;5020144704744;AMTRA
"024 562";1;18,23;YT-1067;5906083910678;"NARZEDZIA WARSZTAT"
"024 612";1;85,31;"3 397 007 100";4047024049710;BOSCH
"024 665";1;60,11;728970;3276427289701;VALEO
"024 677";4;36,80;YT-2370;5906083923708;"NARZEDZIA WARSZTAT"
"024 746";1;38,13;JS64H4218;3224S64H4218;"NARZEDZIA WARSZTAT"
"024 777";1;26,80;HD30/1;5907439960897;GUDEPOL
"024 792";1;221,08;34570;5010559345700;DRAPER
"024 819";>10;18,95;HAR-003;5901219423602;HART
"024 865";>10;24,57;"APTECZKA DIN 13164";"APTECZKA DIN 13164";APTECZKI
"025 021";7;8,91;19-553;5905694005018;AMTRA
"025 028";1;30,85;32600;4027816326007;"FEBI BILSTEIN"
"025 048";1;18;"LATARKA ZYCIA";5908236809013;APTECZKI
"025 053";1;10,51;0207;5905851000207;KAJA
"025 109";1;44,03;lpl19b1;923795817211;PHILIPS
"025 229";1;16,15;YT-1041;3224YT-1041;"NARZEDZIA WARSZTAT"
"025 242";2;8,44;SK04R;5902327061144;KUFIETA
"025 249";2;10,45;S9999958;5901219445307;TESAM
"025 321";1;66,67;"3 397 007 115";02040470241601873700;BOSCH
"025 329";1;14,99;"3 397 011 430";4047024699250;BOSCH
"025 330";1;15,56;"3 397 011 433";33970114334UE;BOSCH
"025 345";1;21,56;"PLATME F5W30 1";5901001773670;ORLEN
"025 346";5;75,09;"PLATME F5W30 4";5901001773687;ORLEN
"025 347";1;24,23;"PLATME V5W30 1";5901001777807;ORLEN
"025 348";2;90,83;"PLATME V5W30 4";5901001777814;ORLEN
"025 349";1;21,69;"PLATME XD5W30 1";5901001773700;ORLEN
"025 350";1;83,57;"PLATME XD5W30 4";5901001773717;ORLEN
"025 352";1;84,78;"PLATME XF5W30 4";5901001773748;ORLEN
"025 373";>10;95,13;151453;5055107437940;MOBIL
"025 488";1;26,93;"3 397 004 587";3165143572948;BOSCH
"025 489";1;18,05;"3 397 004 628";33970046288FG;BOSCH
"025 505";1;36,93;"025 505";5901219461918;HART
"025 561";1;63,66;"3 397 009 051";33970090514UC;BOSCH
"025 586";1;52,99;YT-0645;5906083906459;"NARZEDZIA WARSZTAT"
"025 587";1;22,34;YT-0646;5906083906466;"NARZEDZIA WARSZTAT"
"025 706";1;17,90;YT-14431;5906083144318;"NARZEDZIA WARSZTAT"
"025 750";1;17,53;574199;3276425741997;VALEO
"025 751";1;17,37;574201;3276425742017;VALEO
"025 766";1;60,17;"3 397 007 462";33970074624UE;BOSCH
"025 769";2;27,41;"3 397 008 006";02040470241342253700;BOSCH
"025 775";1;5,24;740.520-U-5;5905133256537;"1A FIRST AUTOMOTIVE"
"025 777";1;26,66;948.330-U-50;5905133225724;"1A FIRST AUTOMOTIVE"
"025 778";2;8,13;897.760;5905133225144;"1A FIRST AUTOMOTIVE"
"025 782";1;7,57;566.870-U-10;5905133268202;"1A FIRST AUTOMOTIVE"
"025 783";1;20,55;566.870-U-50;5905133225700;"1A FIRST AUTOMOTIVE"
"025 788";1;76,40;"3 397 007 467";4047024458642;BOSCH
"025 792";5;18,98;60-094;8410410120632;AMTRA
"025 793";1;77,82;YT-8310;5906083983108;"NARZEDZIA WARSZTAT"
"025 800";2;35,77;34608;4027816346081;"FEBI BILSTEIN"
"025 802";1;19,84;"3 397 004 802";33970048024C4;BOSCH
"025 848";1;95,52;"3 397 007 538";02040470246420413700;BOSCH
"025 851";6;65,23;"3 397 007 309";33970073094UC;BOSCH
"025 857";1;17,18;YT-1753;5906083917530;"NARZEDZIA WARSZTAT"
"025 919";1;38,64;C.5393;4037374053932;"CONDORTOOLS II"
"025 921";>10;4,59;"RAMKA CZARNA";5901219435551;HART
"025 923";8;10,03;"RAMKA CHROM";7905819435544;HART
"025 937";1;5,67;YT-04316;5906083977190;"NARZEDZIA WARSZTAT"
"025 939";1;5,43;YT-1437;5906083914379;"NARZEDZIA WARSZTAT"
"025 973";1;98,75;YT-8311;5906083983115;"NARZEDZIA WARSZTAT"
"025 999";1;4,64;19-106;5905694008910;AMTRA
"026 000";5;11,50;19-107;5905694008927;AMTRA
"026 003";1;11,61;19-103;5905694008880;AMTRA
"026 015";1;26,88;"3 397 008 047";4047024151741;BOSCH
"026 017";7;7,38;"RAMKA SREBRNA";5901219437128;HART
"026 028";1;34,31;"026 028";5901219461925;HART
"026 029";1;50,88;"026 029";5901219461932;HART
"026 030";1;42,17;"026 030";5901219461949;HART
"026 040";1;66,33;YT-2547;5906083925474;"NARZEDZIA WARSZTAT"
"026 074";4;11,86;QFS333B80;5901001116002;ORLEN
"026 082";1;650;56-843;7350009568432;"CARS CENTER"
"026 114";1;18,98;944.330;5905133221092;"1A FIRST AUTOMOTIVE"
"026 117";1;29,39;568.870;5905133214230;"1A FIRST AUTOMOTIVE"
"026 140";1;69;YT-0653;5906083906534;"NARZEDZIA WARSZTAT"
"026 191";1;183,24;802.760;5905133218405;"1A FIRST AUTOMOTIVE"
"026 196";1;7,67;327.980;5905133210102;"1A FIRST AUTOMOTIVE"
"026 199";1;12,23;047.810;5905133225175;"1A FIRST AUTOMOTIVE"
"026 200";4;15,39;232.150;5905133225182;"1A FIRST AUTOMOTIVE"
"026 203";1;13,54;799.520-U-50;5905133225212;"1A FIRST AUTOMOTIVE"
"026 206";1;11,14;494.310-U-25;5905133225250;"1A FIRST AUTOMOTIVE"
"026 214";1;11,77;103001;3374650239187;MOTUL
"026 261";1;4,76;23-049;7612720201624;AMTRA
"026 266";1;4,54;23-054;7612720201440;AMTRA
"026 281";5;41,55;33889;4027816338895;"FEBI BILSTEIN"
"026 287";1;126,94;C.1377;4037374013776;"CONDORTOOLS II"
"026 381";1;20,65;"3 397 004 801";02040470231367013700;BOSCH
"026 391";1;25,82;"3 397 008 996";4047024879164;BOSCH
"026 392";1;22,24;"3 397 008 997";4047024875234;BOSCH
"026 393";1;26,14;"3 397 008 998";02040470248791883700;BOSCH
"026 418";1;68,36;D.51355;8435034513554;"CONDORTOOLS II"
"026 587";1;4,67;YT-3843;3224YT-3843;"NARZEDZIA WARSZTAT"
"026 705";1;14,69;"ALU 8000 50CM";5901219442184;SPOIWA
"026 706";1;14,69;"ALU 8000-2";5901219442191;SPOIWA
"026 709";6;28,01;151519;5055107438213;MOBIL
"026 746";1;5,67;YT-04317;5906083977206;"NARZEDZIA WARSZTAT"
"026 768";1;16,54;A-1827;4037374035389;"TECHMAN ASTA"
"026 964";1;18,25;"3 397 008 058";02040470244377463700;BOSCH
"027 009";1;21,16;"3 397 008 639";4047024438880;BOSCH
"027 021";1;62,46;"BX SK4122-11R";4717095502154;"NARZEDZIA RECZNE"
"027 051";1;1,97;YT-1412;5906083914126;"NARZEDZIA WARSZTAT"
"027 066";2;16,36;YT-7111;5906083971112;"NARZEDZIA WARSZTAT"
"027 124";1;4,11;YT-2402;5906083924026;"NARZEDZIA WARSZTAT"
"027 136";2;5,76;HAR-028;5901219447103;HART
"027 137";4;21;HAR-026;5901219447110;HART
"027 138";7;10,81;HAR-033;5901219447080;HART
"027 139";7;39,38;HAR-034;5901219447097;HART
"027 140";1;187,25;"lgaf 3e/0.5";3829LGAF;SKF
"027 151";1;66,29;574474;3276425744745;VALEO
"027 180";1;31,61;S-5LFT;9920031003928;"TECHMAN ASTA"
"027 191";1;24,64;"3 397 011 592";4047024927292;BOSCH
